<NotepadPlus>
    <UserLang name="NES6502" ext="ASM" udlVersion="2.1">
        <Settings>
            <Global caseIgnored="no" allowFoldOfComments="no" foldCompact="no" forcePureLC="0" decimalSeparator="0" />
            <Prefix Keywords1="no" Keywords2="no" Keywords3="no" Keywords4="no" Keywords5="no" Keywords6="no" Keywords7="no" Keywords8="no" />
        </Settings>
        <KeywordLists>
            <Keywords name="Comments">00; 00// 01 02 03/* 04*/</Keywords>
            <Keywords name="Numbers, prefix1">$</Keywords>
            <Keywords name="Numbers, prefix2">%</Keywords>
            <Keywords name="Numbers, extras1"></Keywords>
            <Keywords name="Numbers, extras2"></Keywords>
            <Keywords name="Numbers, suffix1">b</Keywords>
            <Keywords name="Numbers, suffix2">d</Keywords>
            <Keywords name="Numbers, range"></Keywords>
            <Keywords name="Operators1">^ &lt;&gt; % &amp; ~&lt;&lt; &gt;&gt; ** * / + - &lt; &gt;</Keywords>
            <Keywords name="Operators2"></Keywords>
            <Keywords name="Folders in code1, open"></Keywords>
            <Keywords name="Folders in code1, middle"></Keywords>
            <Keywords name="Folders in code1, close"></Keywords>
            <Keywords name="Folders in code2, open"></Keywords>
            <Keywords name="Folders in code2, middle"></Keywords>
            <Keywords name="Folders in code2, close"></Keywords>
            <Keywords name="Folders in comment, open"></Keywords>
            <Keywords name="Folders in comment, middle"></Keywords>
            <Keywords name="Folders in comment, close"></Keywords>
            <Keywords name="Keywords1">.BASE&#x000D;&#x000A;.PAD&#x000D;&#x000A;dw&#x000D;&#x000A;db&#x000D;&#x000A;.INCBIN&#x000D;&#x000A;.INCSRC&#x000D;&#x000A;PPUCTRL&#x000D;&#x000A;PPUMASK&#x000D;&#x000A;PPUSTATUS&#x000D;&#x000A;OAMADDR&#x000D;&#x000A;OAMDATA&#x000D;&#x000A;PPUSCROLL&#x000D;&#x000A;PPUADDR&#x000D;&#x000A;PPUDATA&#x000D;&#x000A;APU_PULSE_DDLCVVVV&#x000D;&#x000A;APU_PULSE_EPPPNSSS&#x000D;&#x000A;APU_PULSE_TTTTTTTT&#x000D;&#x000A;APU_PULSE_LLLLLTTT&#x000D;&#x000A;APU_PULSE2_DDLCVVVV&#x000D;&#x000A;APU_PULSE2_EPPPNSSS&#x000D;&#x000A;APU_PULSE2_TTTTTTTT&#x000D;&#x000A;APU_PULSE2_LLLLLTTT&#x000D;&#x000A;APU_TRIANGLE_CRRRRRRR&#x000D;&#x000A;APU_TRIANGLE_TTTTTTTT&#x000D;&#x000A;APU_TRIANGLE_LLLLLTTT&#x000D;&#x000A;APU_NOISE_XXLCVVVV&#x000D;&#x000A;APU_NOISE_LXXXPPPP&#x000D;&#x000A;APU_NOISE_LLLLLXXX&#x000D;&#x000A;APU_DMC&#x000D;&#x000A;APU_DMC_ILXXRRRR&#x000D;&#x000A;APU_DMC_XDDDDDDD&#x000D;&#x000A;APU_DMC_AAAAAAAA&#x000D;&#x000A;APU_DMC_LLLLLLLL&#x000D;&#x000A;OAMDMA&#x000D;&#x000A;APUSTATUS&#x000D;&#x000A;APUCOUNTERIRQ&#x000D;&#x000A;JOYPAD1INPUT&#x000D;&#x000A;JOYPAD2INPUT&#x000D;&#x000A;MACRO&#x000D;&#x000A;ENDM&#x000D;&#x000A;PULLALL&#x000D;&#x000A;PUSHALL</Keywords>
            <Keywords name="Keywords2">TAX&#x000D;&#x000A;TAY&#x000D;&#x000A;TSX&#x000D;&#x000A;TXA&#x000D;&#x000A;TXS&#x000D;&#x000A;TYA&#x000D;&#x000A;LDA&#x000D;&#x000A;LDX&#x000D;&#x000A;LDY&#x000D;&#x000A;STA&#x000D;&#x000A;STX&#x000D;&#x000A;STY</Keywords>
            <Keywords name="Keywords3">ADC&#x000D;&#x000A;DEC&#x000D;&#x000A;DEX&#x000D;&#x000A;DEY&#x000D;&#x000A;INC&#x000D;&#x000A;INX&#x000D;&#x000A;INY&#x000D;&#x000A;SBC</Keywords>
            <Keywords name="Keywords4">BCC&#x000D;&#x000A;BCS&#x000D;&#x000A;BEQ&#x000D;&#x000A;BMI&#x000D;&#x000A;BNE&#x000D;&#x000A;BPL&#x000D;&#x000A;BVC&#x000D;&#x000A;BVS&#x000D;&#x000A;JMP&#x000D;&#x000A;JSR&#x000D;&#x000A;RTI&#x000D;&#x000A;RTS&#x000D;&#x000A;</Keywords>
            <Keywords name="Keywords5">BRK&#x000D;&#x000A;NOP</Keywords>
            <Keywords name="Keywords6">PHA&#x000D;&#x000A;PHP&#x000D;&#x000A;PLA&#x000D;&#x000A;PLP</Keywords>
            <Keywords name="Keywords7">CLC&#x000D;&#x000A;CLD&#x000D;&#x000A;CLI&#x000D;&#x000A;CLV&#x000D;&#x000A;SEC&#x000D;&#x000A;SED&#x000D;&#x000A;SEI</Keywords>
            <Keywords name="Keywords8">CMP&#x000D;&#x000A;CPX&#x000D;&#x000A;CPY&#x000D;&#x000A;BIT&#x000D;&#x000A;ASL&#x000D;&#x000A;LSR&#x000D;&#x000A;ROL&#x000D;&#x000A;ROR&#x000D;&#x000A;AND&#x000D;&#x000A;EOR&#x000D;&#x000A;ORA</Keywords>
            <Keywords name="Delimiters"></Keywords>
        </KeywordLists>
        <Styles>
            <WordsStyle name="DEFAULT" fgColor="000000" bgColor="FFFFFF" fontStyle="0" nesting="0" />
            <WordsStyle name="COMMENTS" fgColor="FFFF80" bgColor="000000" fontStyle="0" nesting="0" />
            <WordsStyle name="LINE COMMENTS" fgColor="FFFF80" bgColor="000000" fontStyle="0" nesting="0" />
            <WordsStyle name="NUMBERS" fgColor="000000" bgColor="FFFFFF" fontStyle="0" nesting="0" />
            <WordsStyle name="KEYWORDS1" fgColor="0000FF" bgColor="FFFFFF" fontStyle="1" nesting="0" />
            <WordsStyle name="KEYWORDS2" fgColor="008000" bgColor="FFFFFF" fontStyle="1" nesting="0" />
            <WordsStyle name="KEYWORDS3" fgColor="800080" bgColor="FFAE88" fontStyle="1" nesting="0" />
            <WordsStyle name="KEYWORDS4" fgColor="FF0000" bgColor="000000" fontStyle="1" nesting="0" />
            <WordsStyle name="KEYWORDS5" fgColor="FFFFFF" bgColor="FF6666" fontStyle="0" nesting="0" />
            <WordsStyle name="KEYWORDS6" fgColor="006F00" bgColor="EFEFEF" fontStyle="0" nesting="0" />
            <WordsStyle name="KEYWORDS7" fgColor="757500" bgColor="E8FFE8" fontStyle="0" nesting="0" />
            <WordsStyle name="KEYWORDS8" fgColor="56562C" bgColor="00FFFF" fontStyle="1" nesting="0" />
            <WordsStyle name="OPERATORS" fgColor="0000FF" bgColor="D7D7D7" fontStyle="0" nesting="0" />
            <WordsStyle name="FOLDER IN CODE1" fgColor="000000" bgColor="FFFFFF" fontStyle="0" nesting="0" />
            <WordsStyle name="FOLDER IN CODE2" fgColor="000000" bgColor="FFFFFF" fontStyle="0" nesting="0" />
            <WordsStyle name="FOLDER IN COMMENT" fgColor="000000" bgColor="FFFFFF" fontStyle="0" nesting="0" />
            <WordsStyle name="DELIMITERS1" fgColor="000000" bgColor="FFFFFF" fontStyle="0" nesting="0" />
            <WordsStyle name="DELIMITERS2" fgColor="000000" bgColor="FFFFFF" fontStyle="0" nesting="0" />
            <WordsStyle name="DELIMITERS3" fgColor="000000" bgColor="FFFFFF" fontStyle="0" nesting="0" />
            <WordsStyle name="DELIMITERS4" fgColor="000000" bgColor="FFFFFF" fontStyle="0" nesting="0" />
            <WordsStyle name="DELIMITERS5" fgColor="000000" bgColor="FFFFFF" fontStyle="0" nesting="0" />
            <WordsStyle name="DELIMITERS6" fgColor="000000" bgColor="FFFFFF" fontStyle="0" nesting="0" />
            <WordsStyle name="DELIMITERS7" fgColor="000000" bgColor="FFFFFF" fontStyle="0" nesting="0" />
            <WordsStyle name="DELIMITERS8" fgColor="000000" bgColor="FFFFFF" fontStyle="0" nesting="0" />
        </Styles>
    </UserLang>
</NotepadPlus>
